{"storymap": {"call_to_action": true, "call_to_action_text": "", "map_as_image": false, "map_type": "osm:standard", "slides": [{"date": "", "text": {"headline": "\u53f0\u4e2d\u4e00\u65e5\u904a", "text": ""}, "media": {"url": "", "credit": "", "caption": ""}, "location": {"line": true}, "type": "overview"}, {"date": "", "text": {"headline": "\u53f0\u4e2d\u570b\u5bb6\u6b4c\u5287\u9662", "text": "<p><font dir=\"auto\" style=\"vertical-align: inherit;\"><font dir=\"auto\" style=\"vertical-align: inherit;\">\u53f0\u4e2d\u570b\u5bb6\u6b4c\u5287\u9662\u7531\u65e5\u672c\u77e5\u540d\u5efa\u7bc9\u5e2b</font></font><strong><font dir=\"auto\" style=\"vertical-align: inherit;\"><font dir=\"auto\" style=\"vertical-align: inherit;\">\u4f0a\u6771\u8c4a\u96c4</font></font></strong><font dir=\"auto\" style=\"vertical-align: inherit;\"><font dir=\"auto\" style=\"vertical-align: inherit;\">\u8a2d\u8a08\uff0c\u88ab\u7a31\u70ba\u300c\u4e16\u754c\u4e0a\u6700\u96e3\u84cb\u7684\u5efa\u7bc9\u300d\u3002</font></font><br><font dir=\"auto\" style=\"vertical-align: inherit;\"><font dir=\"auto\" style=\"vertical-align: inherit;\">\n\u5efa\u7bc9\u7279\u8272\u4ee5\u300c</font></font><strong><font dir=\"auto\" style=\"vertical-align: inherit;\"><font dir=\"auto\" style=\"vertical-align: inherit;\">\u7121\u67f1\u3001\u6d1e\u7a9f\u66f2\u7246</font></font></strong><font dir=\"auto\" style=\"vertical-align: inherit;\"><font dir=\"auto\" style=\"vertical-align: inherit;\">\u300d\u7684\u6982\u5ff5\u6253\u9020\uff0c\u53cd\u5c0d\u6c92\u6709\u76f4\u89d2\uff0c\u7531\u5e73\u6ed1\u9023\u7e8c\u8f49\u6298\u81ea\u7136\u5f62\u6210\u7684\u7a7a\u9593\u6d41\u52d5\u611f\u3002</font></font><br><font dir=\"auto\" style=\"vertical-align: inherit;\"><font dir=\"auto\" style=\"vertical-align: inherit;\">\n\u9019\u88e1\u4e0d\u53ea\u662f\u8868\u6f14\u5834\u9928\uff0c\u9084\u6709\u85dd\u8853\u5c55\u89bd\u5340\u3001\u7a7a\u4e2d\u6b65\u9053\u548c\u5927\u7247\u63a1\u5149\u73bb\u7483\u7246\u3002</font></font><br><font dir=\"auto\" style=\"vertical-align: inherit;\"><font dir=\"auto\" style=\"vertical-align: inherit;\">\n\u591c\u9593\u5149\u7dda\u71c8\u5149\uff0c\u591c\u9593\u5efa\u7bc9\u9ede\u71c8\u5f8c\u6703\u5448\u73fe\u6c89\u7a69\u7684\u5149\u5f71\u5f8c\u671f\uff0c\u662f\u8a31\u591a\u4eba\u4f86\u53f0\u4e2d\u5fc5\u62cd\u7684\u5730\u6a19\u3002</font></font></p>"}, "media": {"url": "//uploads.knightlab.com/storymapjs/89b15e982097d1b75fcb61249fab4fb2/xu-pei-xuan/_images/1024x768.jpg", "credit": "", "caption": ""}, "location": {"line": true, "lat": 24.162865172584215, "lon": 120.64031657666305, "zoom": 12}}, {"date": "", "text": {"headline": "\u5be9\u8a08\u65b0\u6751", "text": "<strong><font dir=\"auto\" style=\"vertical-align: inherit;\"><font dir=\"auto\" style=\"vertical-align: inherit;\">\u53f0\u7063\u7701\u653f\u5e9c\u5be9\u8a08\u8655\u5bbf\u820d</font></font></strong><font dir=\"auto\" style=\"vertical-align: inherit;\"><font dir=\"auto\" style=\"vertical-align: inherit;\">\uff0c\u8352\u5ee2\u5f8c\u6539\u70ba\u6587\u5275\u57fa\u5730\u3002</font></font><br><font dir=\"auto\" style=\"vertical-align: inherit;\"><font dir=\"auto\" style=\"vertical-align: inherit;\">\n\u4fdd\u7559\u4e86\u820a\u5bbf\u820d\u7d50\u69cb\uff0c\u4e00\u6a13\u6539\u6210\u5c0f\u5e97\u3001\u5496\u5561\u9928\u3001\u8a2d\u8a08\u54c1\u724c\u8207\u5275\u610f\u5e02\u96c6\u3002</font></font><br><font dir=\"auto\" style=\"vertical-align: inherit;\"><font dir=\"auto\" style=\"vertical-align: inherit;\">\n\u9019\u88e1\u7684\u7279\u8272\u4e0d\u662f\u5546\u5834\u54c1\u724c\uff0c\u800c\u662f\u5e74\u8f15\u5275\u4f5c\u8005\u7684\u7368\u7acb\u5e97\uff0c\u4f8b\u5982\u624b\u5de5\u85dd\u98fe\u54c1\u3001\u63d2\u756b\u3001\u751c\u9ede\u7b49\u3002</font></font>"}, "media": {"url": "//uploads.knightlab.com/storymapjs/89b15e982097d1b75fcb61249fab4fb2/xu-pei-xuan/_images/image.png", "credit": "", "caption": ""}, "location": {"line": true, "lat": 24.144674777035494, "lon": 120.66286920335757, "zoom": 12}}, {"date": "", "text": {"headline": "\u9022\u7532\u591c\u5e02", "text": "<strong></strong><p><font dir=\"auto\" style=\"vertical-align: inherit;\"><font dir=\"auto\" style=\"vertical-align: inherit;\"><font dir=\"auto\" style=\"vertical-align: inherit;\"><font dir=\"auto\" style=\"vertical-align: inherit;\">\u53f0\u4e2d\u6700\u5927\u7684\u591c\u5e02\uff0c\u4e5f\u662f\u53f0\u7063\u4ee3\u8868\u6027\u7684\u7f8e\u98df\u96c6\u4e2d\u5730\u3002</font></font></font></font><br><font dir=\"auto\" style=\"vertical-align: inherit;\"><font dir=\"auto\" style=\"vertical-align: inherit;\"><font dir=\"auto\" style=\"vertical-align: inherit;\"><font dir=\"auto\" style=\"vertical-align: inherit;\">\n\u6524\u4f4d\u985e\u578b\u591a\uff0c\u5f9e\u5275\u610f\u98df\u6750\u5230\u7d93\u5178\u9ede\u5fc3\u90fd\u6709\uff0c\u50cf\uff1a</font></font></font></font></p>\n<ul>\n<li>\n<p><strong><font dir=\"auto\" style=\"vertical-align: inherit;\"><font dir=\"auto\" style=\"vertical-align: inherit;\"><font dir=\"auto\" style=\"vertical-align: inherit;\"><font dir=\"auto\" style=\"vertical-align: inherit;\">\u96de\u6392</font></font></font></font></strong><font dir=\"auto\" style=\"vertical-align: inherit;\"><font dir=\"auto\" style=\"vertical-align: inherit;\"><font dir=\"auto\" style=\"vertical-align: inherit;\"><font dir=\"auto\" style=\"vertical-align: inherit;\">\uff1a\u5916\u76ae\u9165\u8106\uff0c\u60e1\u9b54\u539a\u5ea6\u8a87\u5f35\u3002</font></font></font></font></p>\n</li>\n<li>\n<p><strong><font dir=\"auto\" style=\"vertical-align: inherit;\"><font dir=\"auto\" style=\"vertical-align: inherit;\"><font dir=\"auto\" style=\"vertical-align: inherit;\"><font dir=\"auto\" style=\"vertical-align: inherit;\">\u5730\u74dc\u7403</font></font></font></font></strong><font dir=\"auto\" style=\"vertical-align: inherit;\"><font dir=\"auto\" style=\"vertical-align: inherit;\"><font dir=\"auto\" style=\"vertical-align: inherit;\"><font dir=\"auto\" style=\"vertical-align: inherit;\">\uff1a\u5916\u9165\u5167\u7a7a\u5fc3\uff0cQ\u5f48\u3002</font></font></font></font></p></li></ul>"}, "media": {"url": "//uploads.knightlab.com/storymapjs/89b15e982097d1b75fcb61249fab4fb2/xu-pei-xuan/_images/image (1).png", "credit": "", "caption": ""}, "location": {"line": true, "lat": 24.176352829724568, "lon": 120.64560275851508, "zoom": 12}}]}}